Order ID,Title,quantity,Total
1,"Leeden 18x18 Pillow Covers Boho, Cushion Throw Pillow Cover Pillowcase Set of 2, Bright White Farmhouse,Decorative Decor Floral Soft, 3D Design Handmade 2Pcss",1,13.35 
2,"Utopia Bedding Throw Pillows Insert (Pack of 2, White) - 16 x 16 Inches Bed and Couch Pillows - Indoor Decorative Pillows",1,23.31 
3,MIULEE Pack of 2 Velvet Soft Solid Decorative Square Throw Pillow Covers Set Cushion Case for Sofa Bedroom Car 16 x 16 Inch 40 x 40 cm Pink,1,12.71 
4,"Farberware Wire Sponge Holder, Copper",1,8.47 
5,"Coastiva Brass Leaf Decorative Wall Hook, Coastal Home Decor for Towel Holder in Bathroom, Wall Mounted Nautical Style Hooks for Hanging Coat, Robe, Bag, Scarves, Towels, Hat Purse and Key",1,38.10 
6,"VECELO Premium Velvet Clothes Hangers Suit Heavy Duty (60 Pack)-Non Slip & Space-Saving with 8 Finger Clips & Tie Rack Excellent for Men and Women,Pink",1,36.98 
7,South Shore Step One 6-Drawer Double Dresser-Pure White,1,201.40 
8,"Little Book of Dior (Little Books of Fashion, 5)",1,15.53 
9,"PiLife 3"" Cute Mini Non-ticking Bedside Analog Alarm Clock for Kids,3D Dial,with Backlight,Alarm Clock for Bedroom Deco,Twin Bell Alarm Clock for Heavy Sleepers,Battery Operated (3D White)",1,13.77 
10,Chanel: Collections and Creations,1,25.44 
11,"Hsurbtra Mouse Pad, Premium-Textured Small Round Mousepad 8.7 x 8.7 Inch Pink, Stitched Edge Anti-Slip Waterproof Rubber Mouse Mat, Pretty Cute Mouse Pad for Office Home Gaming Laptop Men Women Kids",1,7.41 
12,"Little Book of Louis Vuitton: The Story of the Iconic Fashion House (Little Books of Fashion, 9)",1,16.36 
13,"The Interior Design Handbook: Furnish, Decorate, and Style Your Space",1,20.98 
14,"LaVie Home 4x6 Picture Frames (6 Pack, White) Simple Designed Photo Frame with High Definition Glass for Wall Mount & Table Top Display, Set of 6 Classic Collection",1,18.92 
15,Lawrence Frames 4x6 Gold Metal Natural Branch Design Picture Frame,1,16.95 
16,"Americanflat 10 Piece White Gallery Wall Picture Frame Set in 8x10, 5x7, and 4x6 - Composite Wood with Shatter Resistant Glass - Horizontal and Vertical Formats for Wall and Tabletop",1,35.99 
17,Apple AirTag,1,30.74 
18,"Airtag Cat Collar, Air tag Cat Collar with Bell and Safety Buckle in 3/8"" Width, Reflective Collar with Waterproof Airtag Holder Compatible with Apple Airtag for Cat Dog Kitten Puppy",1,29.66 
19,"Feather Table lamp LED Night Light, 3-Light Bedside Table Lamp, USB Bedside Table lamp with Remote Control and Battery Dual Purpose Feather Table lamp. (Pink)",1,39.09 
20,"MATANA 50 Gold Glitter Plastic Wine Glasses for Weddings & Parties, 6oz - Sturdy & Reusable",1,24.37 
21,"MOVINPE Rose Gold Birthday Party Decoration, Happy Birthday Banner, Rose Gold Fringe Curtain, Foil Tablecloth, Heart Star Foil Confetti Balloons, 10g Table Confetti for Women Girl Birthday Party",1,20.13 
22,Juland Rose Gold Number Balloons Large Foil Mylar Balloons 40 Inch Giant Jumbo Number Balloons XXL for Birthday Party Decorations – 23,1,9.00 
23,"Utopia Bedding Throw Pillows Insert (Pack of 2, White) - 20 x 20 Inches Bed and Couch Pillows - Indoor Decorative Pillows",1,40.26 
24,Bright White Fur Throw Pillow Covers 3D Rose Pattern Set of 2 20x20 Inch Fluffy Decorative Pillow Covers for Couch Bed Sofa,1,20.13 
25,BLINGSTING First-Aid Clutch Kit - Compact Safety Case with 75 Essential First Aid Items - Rose Gold,1,21.19 
26,Woaboy Pack of 2 Velvet Throw Pillow Covers Decorative Pillowcases Solid Soft Cushion Covers Pillow Case Square Modern for Couch Living Room Sofa Bedroom Car 20x20 inch 50x50cm Pink,1,16.95 
27,Kindle for PC [Download],1,0.00 
28,"Casafield Organic Bamboo Cheese Cutting Board & Knife Gift Set - Wooden Serving Tray for Charcuterie Meat Platter, Fruit & Crackers - Slide Out Drawer with 4 Stainless Steel Knives",1,24.37 
29,"MEEgoodo for MacBook Pro 14 inch Case 2021 2022 Released A2442 M1 Pro/Max with Touch ID, Hard Shell Case with Keyboard Cover & Screen Protector Compatible with MacBook Pro 14 in, Pink",1,24.37 
